Run,Event,E1,px1,py1,pz1,pt1,eta1,phi1,Q1,E2,px2,py2,pz2,pt2,eta2,phi2,Q2,M,anomaly_label,anomaly_score
146944,331360431,225.606,47.3081,31.7798,218.289,56.9913,2.05269,0.591522,-1,302.455,58.0417,-64.4085,289.761,86.7023,1.92139,-0.837346,1,92.5741,-1,0.729020223224745
147929,515378270,226.57,-66.5157,90.9993,196.542,112.717,1.32275,2.20199,1,174.566,29.9265,71.2104,156.547,77.2433,1.4555,1.17295,-1,92.6712,-1,0.7180141008060114
148029,270518475,120.505,-59.4946,-2.53159,104.763,59.5485,1.3305,-3.09907,1,559.0,-112.834,-105.516,537.23,154.483,1.95955,-2.38969,-1,90.5541,-1,0.7162794875146135
149011,908004646,266.887,-17.1191,-47.0749,-262.144,50.091,-2.35721,-1.91958,1,336.312,22.7177,50.8444,-331.669,55.6888,-2.48448,1.1506,-1,105.778,-1,0.7125042943313702
149182,26528143,187.511,18.1497,-28.7678,184.4,34.0147,2.39187,-1.00796,-1,373.446,54.1976,69.348,362.926,88.0143,2.12424,0.907419,1,90.6967,-1,0.7055491120277502
149181,952260137,249.699,-86.5104,-13.3065,-233.855,87.5277,-1.70921,-2.98897,1,151.375,-55.2871,60.1041,-127.457,81.6649,-1.22799,2.31447,-1,89.5384,-1,0.7045240186267353
149181,257861899,252.425,-1.84813,-52.1342,246.976,52.167,2.25896,-1.60623,-1,221.343,-15.4278,51.4508,214.726,53.7141,2.09413,1.86212,1,104.824,-1,0.7037072945924342
149011,473547029,155.712,34.0176,-35.5606,147.731,49.2113,1.81907,-0.807571,1,232.756,-56.4975,-62.7501,216.9,84.4366,1.67248,-2.30381,-1,88.2093,-1,0.701478888189237
147754,501814557,212.724,20.0697,27.5155,-209.98,34.0572,-2.51863,0.940613,1,489.638,-41.3844,-65.7608,-483.434,77.6991,-2.52761,-2.13249,-1,102.823,-1,0.7013685824625372
146944,247181372,229.599,-30.8249,-36.6687,-224.547,47.9037,-2.24923,-2.26983,-1,239.318,41.8212,32.4662,-233.388,52.944,-2.18924,0.660128,1,100.204,-1,0.7009834666910718
149181,1215956176,230.973,-7.21644,48.986,225.603,49.5147,2.22148,1.71706,1,273.833,14.0431,-47.9083,269.244,49.9241,2.38675,-1.28566,-1,99.5388,-1,0.6968134406960345
148029,313367192,226.937,-29.2893,35.0481,-222.293,45.6753,-2.28598,2.26692,-1,295.488,32.0243,-35.8598,-291.55,48.0779,-2.50227,-0.841838,-1,94.2585,-1,0.6962641842791337
147754,203959686,236.545,37.7834,-18.2419,232.794,41.9566,2.41469,-0.449794,-1,296.353,-43.8619,18.5376,292.502,47.6184,2.51496,2.74173,1,89.4804,-1,0.6958901881285512
147926,372437851,144.58,-18.9479,14.3489,142.613,23.7679,2.49182,2.49345,1,560.567,87.3403,-34.2811,552.659,93.8271,2.47356,-0.374024,-1,93.5656,-1,0.6950300698765499
149181,310661050,255.94,-55.0296,-31.4781,-247.964,63.3966,-2.07298,-2.622,-1,233.351,40.9437,11.2108,-229.457,42.4507,-2.38897,0.267261,1,104.237,-1,0.6940300530868996
146944,726387610,267.18,-4.56739,48.2487,-262.748,48.4644,-2.39191,1.66518,-1,285.661,-25.1263,-46.1766,-280.782,52.5701,-2.37723,-2.06912,1,96.5531,-1,0.6939302494156675
147754,303128773,235.817,-24.7047,36.3545,231.684,43.9541,2.36425,2.16767,1,204.275,26.3117,-42.6055,198.043,50.0753,2.08372,-1.01756,-1,94.7324,-1,0.693749564917813
147926,70668450,182.497,33.4359,-15.5933,178.729,36.8932,2.28148,-0.436379,-1,216.583,16.1275,-127.048,174.663,128.068,1.11678,-1.44453,1,107.594,-1,0.6927836552091201
148029,217244077,277.996,-41.8228,-16.0428,274.363,44.7942,2.51212,-2.77531,1,276.831,42.7558,17.7303,272.934,46.2863,2.47465,0.393103,-1,91.0758,-1,0.6926156780686145
149181,89665081,198.576,-37.8873,-19.9623,193.904,42.8245,2.21537,-2.65667,-1,275.047,1.15111,-102.524,255.222,102.531,1.64322,-1.55957,1,79.0739,-1,0.6924942005860018
